Quartier,Nom,Métier,Adresse,Lien Google Maps,Photos (onglet Photos de la fiche),Site web,Téléphone,Note,Nb avis,Statut,Notes
Haie Vive (estimé GPS),SOLEIL Haie vive,2. Boutiques et commerces,Piste Amalco,https://maps.google.com/?cid=17186018466663128029,https://maps.google.com/?cid=17186018466663128029,Non,+229 01 55 01 07 24,4.1,58,À contacter,Supermarché
Haie Vive (estimé GPS),Boutique Vlisco les cocotiers,2. Boutiques et commerces,Les cocotiers,https://maps.google.com/?cid=12836760040234845998,https://maps.google.com/?cid=12836760040234845998,Non,+229 01 99 99 22 22,3.9,14,À contacter,
Haie Vive (estimé GPS),Goya Cotonou,2. Boutiques et commerces,Route de l'aéroport,https://maps.google.com/?cid=14484116869924697312,https://maps.google.com/?cid=14484116869924697312,Non,+229 01 91 52 60 60,4.3,42,À contacter,Maroquinerie haut de gamme
Haie Vive (estimé GPS),Station JNP (992V),5. Stations-service,992V+RV2,https://maps.google.com/?cid=4177522415293734742,https://maps.google.com/?cid=4177522415293734742,Non,Non trouvé,4.8,4,À contacter,
Haie Vive (estimé GPS),Station JNP (Rue 230),5. Stations-service,Rue 230,https://maps.google.com/?cid=17043103769720586619,https://maps.google.com/?cid=17043103769720586619,Non,Non trouvé,4.2,9,À contacter,
Haie Vive (d'après le nom),Station Service JNP Haie vive,5. Stations-service,"99CR+4F9, en face de Sofitel",https://maps.google.com/?cid=9938718229070420694,https://maps.google.com/?cid=9938718229070420694,Non,Non trouvé,,,À contacter,Quartier déduit du nom. Coordonnées GPS plus au nord
Haie Vive (estimé GPS),Petroleum station service,5. Stations-service,999V+42G,https://maps.google.com/?cid=16117410619562070947,https://maps.google.com/?cid=16117410619562070947,Non,Non trouvé,4.0,45,À contacter,Ouvert 24h/24
Haie Vive (estimé GPS),The Academy,6. Écoles et formation,996X+M4W,https://maps.google.com/?cid=773996672289730329,https://maps.google.com/?cid=773996672289730329,Non,+229 01 62 55 24 13,4.6,56,À contacter,Cours d'anglais. Ouvert 3 jours par semaine
Haie Vive (estimé GPS),Mona Lisa Coiffure,7. Coiffure et beauté,Rue 969A,https://maps.google.com/?cid=2209309521985228939,https://maps.google.com/?cid=2209309521985228939,Non,+229 01 97 60 80 00,4.6,105,À contacter,
Haie Vive (estimé GPS),Nicos Hair Design,7. Coiffure et beauté,Cotonou,https://maps.google.com/?cid=8462338866443910650,https://maps.google.com/?cid=8462338866443910650,Non,+229 01 97 25 77 97,4.1,21,À contacter,Coiffure et spa
Haie Vive (estimé GPS),Cosmétiques,7. Coiffure et beauté,Cotonou,https://maps.google.com/?cid=13370538975469570183,https://maps.google.com/?cid=13370538975469570183,Non,+229 01 91 96 21 21,4.2,5,À contacter,
Haie Vive (estimé GPS),Salon LALA,7. Coiffure et beauté,Cotonou,https://maps.google.com/?cid=7021879670139993190,https://maps.google.com/?cid=7021879670139993190,Non,+229 01 53 20 22 22,4.0,4,À contacter,
Haie Vive (estimé GPS),Centre Médical Haie Vive,8. Cliniques et laboratoires,Rue 379B,https://maps.google.com/?cid=361964227938855727,https://maps.google.com/?cid=361964227938855727,Non,+229 01 91 55 50 50,3.0,2,À contacter,
Haie Vive (estimé GPS),Labocean,8. Cliniques et laboratoires,Rue 906,https://maps.google.com/?cid=17525880378357965803,https://maps.google.com/?cid=17525880378357965803,Non,+229 01 63 07 22 22,2.3,3,À contacter,Avis négatifs sur le suivi des résultats
Haie Vive (estimé GPS),Clinique Santé Sud,8. Cliniques et laboratoires,"994R+F76, Rue 374",https://maps.google.com/?cid=16895775462646288166,https://maps.google.com/?cid=16895775462646288166,Non,+229 01 65 31 22 95,4.7,19,À contacter,Ouvert 24h/24
Haie Vive (estimé GPS),Garage Le Mecano,9. Garages et pièces auto,994W+HFP,https://maps.google.com/?cid=17782079596258040953,https://maps.google.com/?cid=17782079596258040953,Non,+229 01 97 12 00 00,4.7,6,À contacter,
Haie Vive (estimé GPS),Garage Barrouch,9. Garages et pièces auto,994W+HFP,https://maps.google.com/?cid=15531312456476847088,https://maps.google.com/?cid=15531312456476847088,Non,+229 01 97 22 32 22,4.3,7,À contacter,
Haie Vive (estimé GPS),Garage Rousseau Et Fils,9. Garages et pièces auto,996W+5FX,https://maps.google.com/?cid=10594542652348899516,https://maps.google.com/?cid=10594542652348899516,Non,Non trouvé,3.6,5,À contacter,
Haie Vive (estimé GPS),IMMO PLUS,10. Agences immobilières,Cotonou,https://maps.google.com/?cid=13034827397900042691,https://maps.google.com/?cid=13034827397900042691,Non,+229 01 67 55 82 30,4.0,1,À contacter,
Haie Vive (estimé GPS),GCA Immobilier Office & Automobiles,10. Agences immobilières,"C-938 Haie Vive, carrefour Festival des Glaces",https://maps.google.com/?cid=8038923654811758655,https://maps.google.com/?cid=8038923654811758655,Non,+229 01 66 33 85 36,1.0,1,À contacter,
Haie Vive (estimé GPS),Emergence Immobilier Bénin,10. Agences immobilières,Cotonou,https://maps.google.com/?cid=9905619802279534598,https://maps.google.com/?cid=9905619802279534598,Non,+229 01 90 33 33 05,5.0,1,À contacter,
Haie Vive (estimé GPS),MAD 2.0,1. Restaurants et bars,"994Q+QR2, Piste Amalco",https://maps.google.com/?cid=17075610165283424460,https://maps.google.com/?cid=17075610165283424460,Non,Non trouvé,5.0,1,À contacter,
Haie Vive (estimé GPS),Shamiana,1. Restaurants et bars,993X+MGH,https://maps.google.com/?cid=5472373225228208469,https://maps.google.com/?cid=5472373225228208469,Non,Non trouvé,4.9,7,À contacter,Cuisine indienne
Haie Vive (estimé GPS),3.14 Atelier,1. Restaurants et bars,Piste Almalco,https://maps.google.com/?cid=4468079343464564174,https://maps.google.com/?cid=4468079343464564174,Non,+229 01 98 31 43 14,4.2,301,À contacter,Restaurant et club
Haie Vive (estimé GPS),Chill n' Grill,1. Restaurants et bars,Piste Almaco,https://maps.google.com/?cid=4583220197149207960,https://maps.google.com/?cid=4583220197149207960,Non,+229 01 61 33 33 44,4.1,376,À contacter,Restaurant bar et karaoké
Haie Vive (estimé GPS),Dishes Restaurant le kidou,1. Restaurants et bars,"Les cocotiers, après le CEG Océan",https://maps.google.com/?cid=13191244359241684472,https://maps.google.com/?cid=13191244359241684472,Non,+229 01 95 61 44 83,3.9,335,À contacter,Buffet
Haie Vive (estimé GPS),La Villa Lounge Bar,1. Restaurants et bars,994R+PCH,https://maps.google.com/?cid=8560024784253845043,https://maps.google.com/?cid=8560024784253845043,Non,+229 01 53 53 53 55,4.5,26,À contacter,Un avis signale un problème d'hygiène alimentaire
Haie Vive (estimé GPS),Ruski Dom,1. Restaurants et bars,Cotonou,https://maps.google.com/?cid=16280440476542513497,https://maps.google.com/?cid=16280440476542513497,Non,+229 01 52 46 06 06,4.7,54,À contacter,Cuisine russe
Haie Vive (estimé GPS),Picasso Steak House,1. Restaurants et bars,Piste Amalco,https://maps.google.com/?cid=4112572644156390995,https://maps.google.com/?cid=4112572644156390995,Non,+229 01 45 41 41 41,4.3,118,À contacter,Fermé le lundi
Haie Vive (estimé GPS),La Maison Italienne,1. Restaurants et bars,Cotonou,https://maps.google.com/?cid=10541598132576083569,https://maps.google.com/?cid=10541598132576083569,Non,+229 01 56 56 69 09,4.2,39,À contacter,
Haie Vive (estimé GPS),Viva Mandarine,1. Restaurants et bars,993W+G8Q,https://maps.google.com/?cid=1788779907809425020,https://maps.google.com/?cid=1788779907809425020,Non,+229 01 96 60 96 96,4.7,134,À contacter,Libanais
Haie Vive (estimé GPS),Restaurant Le Teranga,1. Restaurants et bars,Cotonou,https://maps.google.com/?cid=16181165329346433284,https://maps.google.com/?cid=16181165329346433284,Non,+229 01 21 30 29 29,4.1,1107,À contacter,
Haie Vive (estimé GPS),Le bistrot du marché,1. Restaurants et bars,Rue 382,https://maps.google.com/?cid=3146119097136538541,https://maps.google.com/?cid=3146119097136538541,Non,+229 01 91 89 25 05,4.6,45,À contacter,Fermé le dimanche
Akpakpa (estimé GPS),Akpakpa (boutique de vêtements),2. Boutiques et commerces,9FQ5+V94,https://maps.google.com/?cid=6000422839054763737,https://maps.google.com/?cid=6000422839054763737,Non,+229 01 96 02 44 53,4.2,61,À contacter,
Akpakpa (estimé GPS),ELLE BOUTIQUE MODE,2. Boutiques et commerces,"1ère von à gauche des pavés, près pharmacie Ciné Concorde",https://maps.google.com/?cid=2915756696926333758,https://maps.google.com/?cid=2915756696926333758,Non,+229 01 62 36 24 58,4.9,17,À contacter,
Akpakpa (estimé GPS),Résidence Royale,3. Hôtels et auberges,"9FC3+FQ7, Rue 1207B",https://maps.google.com/?cid=3466039122818121790,https://maps.google.com/?cid=3466039122818121790,Non,+229 01 52 51 84 84,4.6,11,À contacter,
Akpakpa (estimé GPS),HÔTEL SAFARI Cotonou,3. Hôtels et auberges,Rue 1322,https://maps.google.com/?cid=2722269899802966812,https://maps.google.com/?cid=2722269899802966812,Non (page Booking.com seulement: https://www.booking.com/hotel/bj/safari-cotonou.fr.html),+229 01 97 19 83 00,3.8,358,À contacter,Avis négatifs sur les réservations
Akpakpa (estimé GPS),ECO EXCHANGE,4. Banques et Mobile Money,Recette principale,https://maps.google.com/?cid=6202369851996622878,https://maps.google.com/?cid=6202369851996622878,Non,+229 01 96 21 15 40,3.6,5,À contacter,Bureau de change
Akpakpa (estimé GPS),Service Station JNP Akpakpa,5. Stations-service,Cotonou,https://maps.google.com/?cid=12990920528011090575,https://maps.google.com/?cid=12990920528011090575,Non,+33 7 74 46 64 35,4.0,125,À contacter,Numéro français sur la fiche : à vérifier. Ouvert 24h/24
Akpakpa (estimé GPS),Station-Services EWELL AKPAKPA,5. Stations-service,9F84+MCW,https://maps.google.com/?cid=15777738195901399987,https://maps.google.com/?cid=15777738195901399987,Non,Non trouvé,4.3,6,À contacter,
Akpakpa (estimé GPS),WTHP petroleum akpakpa,5. Stations-service,CEG,https://maps.google.com/?cid=5383140215150657075,https://maps.google.com/?cid=5383140215150657075,Non,+229 01 67 90 09 08,4.7,3,À contacter,
Akpakpa (estimé GPS),FULL ENERGY AKPAKPA LA ROCHE,5. Stations-service,9C7W+FW6,https://maps.google.com/?cid=5556847216762953896,https://maps.google.com/?cid=5556847216762953896,Non,+229 01 90 60 40 51,3.7,3,À contacter,
Akpakpa (estimé GPS),Coka IT Learning Institute,6. Écoles et formation,C/381 Sénade,https://maps.google.com/?cid=14496630776211260206,https://maps.google.com/?cid=14496630776211260206,Non,+229 01 91 02 02 07,5.0,7,À contacter,
Akpakpa (estimé GPS),Public Primary School Akpakpa Centre,6. Écoles et formation,Rue 1417,https://maps.google.com/?cid=11463417737046665542,https://maps.google.com/?cid=11463417737046665542,Non,+229 01 64 03 09 74,,,À contacter,École publique
Akpakpa (estimé GPS),Eniola BEAUTY Akpakpa,7. Coiffure et beauté,Akpakpa,https://maps.google.com/?cid=9729792810497235077,https://maps.google.com/?cid=9729792810497235077,Non,+229 01 91 54 32 32,,,À contacter,
Akpakpa (estimé GPS),Institut de Beauté Boucle d'Or,7. Coiffure et beauté,"119, 9FG5+V55",https://maps.google.com/?cid=15904167865948737601,https://maps.google.com/?cid=15904167865948737601,Réseau social uniquement: WhatsApp https://wa.me/+22997601655,+229 01 97 60 16 55,4.8,5,À contacter,
Akpakpa (estimé GPS),BENIRA COIFFURE3,7. Coiffure et beauté,"229, 9FF2+W89",https://maps.google.com/?cid=10037851612785190397,https://maps.google.com/?cid=10037851612785190397,Réseau social uniquement: WhatsApp https://wa.me/+22997326569,+229 01 97 32 65 69,4.9,31,À contacter,
Akpakpa (estimé GPS),Salon de Coiffure CICA,7. Coiffure et beauté,Akpakpa,https://maps.google.com/?cid=13151238381675173403,https://maps.google.com/?cid=13151238381675173403,Non,+229 01 97 87 51 49,,,À contacter,
Akpakpa (estimé GPS),Clinique d'Akpakpa,8. Cliniques et laboratoires,9F83+637,https://maps.google.com/?cid=9188492482605572789,https://maps.google.com/?cid=9188492482605572789,Non,+229 01 60 31 31 31,4.1,17,À contacter,
Akpakpa (estimé GPS),Clinique Pédiatrique d'Akpakpa,8. Cliniques et laboratoires,9CGX+JHG,https://maps.google.com/?cid=3472934402625438463,https://maps.google.com/?cid=3472934402625438463,Non,+229 01 21 33 50 84,4.2,21,À contacter,Ouvert 24h/24
Akpakpa (estimé GPS),Clinique Akpakpa Le Bélier,8. Cliniques et laboratoires,01 BP 3131,https://maps.google.com/?cid=8660194347860751655,https://maps.google.com/?cid=8660194347860751655,Non,+229 01 97 97 62 20,3.8,4,À contacter,Ouvert 24h/24
Akpakpa (estimé GPS),Laboratoire médical Déo-Gratias,8. Cliniques et laboratoires,Akpakpa,https://maps.google.com/?cid=14584305494963148129,https://maps.google.com/?cid=14584305494963148129,Non,+229 01 63 63 05 01,5.0,2,À contacter,
Akpakpa (estimé GPS),Akpakpa cotonou (clinique),8. Cliniques et laboratoires,9CGV+HVC,https://maps.google.com/?cid=10805318010763149004,https://maps.google.com/?cid=10805318010763149004,Non,+229 01 51 22 33 54,2.0,1,À contacter,
Akpakpa (estimé GPS),ASP (Garage Auto-Service la Patience),9. Garages et pièces auto,"Akpakpa, 06 BP 378",https://maps.google.com/?cid=12591287487081502649,https://maps.google.com/?cid=12591287487081502649,Réseau social uniquement: Facebook https://www.facebook.com/profile.php?id=100085950368871,+229 01 67 00 57 61,5.0,6,À contacter,
Akpakpa (estimé GPS),Garage Les Guépards,9. Garages et pièces auto,Akpakpa 1er arrondissement,https://maps.google.com/?cid=13659749269403151464,https://maps.google.com/?cid=13659749269403151464,Non,+229 01 29 15 55 55,5.0,1,À contacter,
Akpakpa (estimé GPS),AUTO PLUS BENIN,9. Garages et pièces auto,Cotonou,https://maps.google.com/?cid=16918682208679107593,https://maps.google.com/?cid=16918682208679107593,Non,+229 01 97 44 70 24,4.1,51,À contacter,
Akpakpa (estimé GPS),KABOD BENIN IMMO,10. Agences immobilières,"Rue 2043, n° 478, carrefour Africando",https://maps.google.com/?cid=2596367234389983580,https://maps.google.com/?cid=2596367234389983580,Non (annuaire goafricaonline seulement: https://www.goafricaonline.com/bj/514816-kabob-immo-agences-immobilieres-cotonou-benin),+229 01 97 27 00 00,5.0,4,À contacter,
Akpakpa (estimé GPS),RÉSIDENCE MEUBLÉ AKPAKPA 1,10. Agences immobilières,"9F93+842, avenue du Nouveau Pont",https://maps.google.com/?cid=4973154623900019521,https://maps.google.com/?cid=4973154623900019521,Non,+229 01 60 21 21 21,3.0,3,À contacter,
Akpakpa (estimé GPS),Nexacorp Agence,10. Agences immobilières,Akpakpa Ayélawadjè,https://maps.google.com/?cid=808731998233290084,https://maps.google.com/?cid=808731998233290084,Non,+229 01 40 59 00 00,,,À contacter,
Akpakpa (estimé GPS),Maquis Le Yao,1. Restaurants et bars,Rue 1211,https://maps.google.com/?cid=2519683370199349164,https://maps.google.com/?cid=2519683370199349164,Non,+229 01 96 88 33 88,4.4,46,À contacter,Près de la place Lénine
Akpakpa (estimé GPS),Maquis ATACORA,1. Restaurants et bars,"9CPR+H7V, en face de l'EPP Hlacomey",https://maps.google.com/?cid=17314501481929183215,https://maps.google.com/?cid=17314501481929183215,Non,+229 01 96 26 62 05,3.5,2,À contacter,Fermé le lundi
Akpakpa,Le Kidou Restaurant Buffet Akpakpa,1. Restaurants et bars,"6.3604565, 2.4539087",https://maps.google.com/?cid=1860372126051276177,https://maps.google.com/?cid=1860372126051276177,Non,+229 01 91 95 48 48,4.3,75,À contacter,Buffet
Akpakpa (Avotrou),LYTE FOOD Avotrou,1. Restaurants et bars,350 m après l'église catholique Sainte,https://maps.google.com/?cid=4653143022339360865,https://maps.google.com/?cid=4653143022339360865,Non,+229 01 66 64 44 03,4.0,407,À contacter,
Fidjrossè (estimé GPS),SOKBARO,1. Restaurants et bars,Cotonou,https://maps.google.com/?cid=15098704944946308081,https://maps.google.com/?cid=15098704944946308081,Non,+229 01 96 64 57 24,4.9,44,À contacter,Gastronomique. Fermé le lundi
Fidjrossè (estimé GPS),Villa Kaya Cotonou,1. Restaurants et bars,Rue Isma,https://maps.google.com/?cid=10739751903954864128,https://maps.google.com/?cid=10739751903954864128,Non,+229 01 42 08 41 80,4.7,106,À contacter,Fermé le dimanche
Fidjrossè (estimé GPS),Restaurant Le Resto,1. Restaurants et bars,Rue 2108,https://maps.google.com/?cid=2227643976506008772,https://maps.google.com/?cid=2227643976506008772,Non,+229 01 97 01 11 11,4.1,309,À contacter,
Ganhi,L'Imprévu,1. Restaurants et bars,Face à ECOBANK direction générale,https://maps.google.com/?cid=14244235029726651576,https://maps.google.com/?cid=14244235029726651576,Non,+229 01 66 97 40 40,4.3,644,À contacter,Fermé le dimanche. Avis mitigés sur le service
À vérifier,La Pirogue,1. Restaurants et bars,Rue 104B,https://maps.google.com/?cid=5199071038044622760,https://maps.google.com/?cid=5199071038044622760,Non (lien Canva seulement),+229 01 91 95 44 44,4.5,362,À contacter,Poisson et fruits de mer
À vérifier,ESCOBAR,1. Restaurants et bars,9C49+92,https://maps.google.com/?cid=6389223123677357200,https://maps.google.com/?cid=6389223123677357200,Non,+229 01 97 77 77 77,4.8,53,À contacter,Ouvert tard
À vérifier,La Pergola,1. Restaurants et bars,Cotonou,https://maps.google.com/?cid=2799078256448342903,https://maps.google.com/?cid=2799078256448342903,Non,+229 01 98 70 70 70,4.4,48,À contacter,Fermé le dimanche
À vérifier,Restaurant Chez Maman,1. Restaurants et bars,Rue 201A,https://maps.google.com/?cid=1809884934161440198,https://maps.google.com/?cid=1809884934161440198,Réseau social uniquement: https://web.facebook.com/chezmamanbenin,+229 01 21 32 33 38,4.0,514,À contacter,
À vérifier,Maquis le Kédjenou,1. Restaurants et bars,"6.366220, 2.443567",https://maps.google.com/?cid=12108134086516485857,https://maps.google.com/?cid=12108134086516485857,Réseau social uniquement: https://facebook.com/lekedjenou/,+229 01 60 02 29 29,3.9,548,À contacter,Ouvert en semaine seulement